round_epochs,val_loss,loss,n_batch_size,n_epochs,optimizer,losses,n_neurons,prev_timesteps
106,0.02427030677075049,0.004975002996255515,38,106,<class 'keras.optimizers.RMSprop'>,<function mean_absolute_error at 0x0000019886DA2840>,81,12
154,0.0030180275994496166,8.340460055214799e-05,16,154,<class 'keras.optimizers.Adam'>,<function mean_squared_error at 0x0000019886DA28C8>,81,3
58,0.021545129799952135,0.008654205322719967,105,58,<class 'keras.optimizers.RMSprop'>,<function mean_absolute_error at 0x0000019886DA2840>,33,1
58,0.0007208471988200372,0.00014036180784878681,105,58,<class 'keras.optimizers.Adam'>,<function mean_squared_error at 0x0000019886DA28C8>,81,1
10,0.006141385085642391,0.0008576368819214147,83,10,<class 'keras.optimizers.Adam'>,<function mean_squared_error at 0x0000019886DA28C8>,90,12
58,0.0005898400589530142,0.0001554083333540104,38,58,<class 'keras.optimizers.Adam'>,<function mean_squared_error at 0x0000019886DA28C8>,5,6
10,0.026577124757880294,0.0004731752646190263,38,10,<class 'keras.optimizers.RMSprop'>,<function mean_squared_error at 0x0000019886DA28C8>,71,24
106,0.008115207560704633,8.41999111661552e-05,16,106,<class 'keras.optimizers.RMSprop'>,<function mean_squared_error at 0x0000019886DA28C8>,33,1
106,0.005724177643221332,0.003843420178554086,83,106,<class 'keras.optimizers.Adam'>,<function mean_absolute_error at 0x0000019886DA2840>,43,1
10,0.10884523946398658,0.009005704586401934,16,10,<class 'keras.optimizers.RMSprop'>,<function mean_absolute_error at 0x0000019886DA2840>,14,12
10,0.04576629263160321,0.018270568569894185,60,10,<class 'keras.optimizers.Adam'>,<function mean_absolute_error at 0x0000019886DA2840>,14,3
58,0.04919289788949308,0.00451891615425549,16,58,<class 'keras.optimizers.RMSprop'>,<function mean_absolute_error at 0x0000019886DA2840>,52,12
202,0.018343098967191135,0.003929952080580274,38,202,<class 'keras.optimizers.RMSprop'>,<function mean_absolute_error at 0x0000019886DA2840>,71,1
154,0.00013655557073796487,2.3131543954987196e-05,105,154,<class 'keras.optimizers.Adam'>,<function mean_squared_error at 0x0000019886DA28C8>,52,3
10,0.12891870503009606,0.035180633922133484,38,10,<class 'keras.optimizers.Adam'>,<function mean_absolute_error at 0x0000019886DA2840>,62,12
154,0.017306258035430653,0.005868026600537809,83,154,<class 'keras.optimizers.RMSprop'>,<function mean_absolute_error at 0x0000019886DA2840>,71,3
10,0.003570082934641179,0.0008724241975221466,83,10,<class 'keras.optimizers.Adam'>,<function mean_squared_error at 0x0000019886DA28C8>,5,1
154,0.0004628080172380949,5.347017986124753e-05,83,154,<class 'keras.optimizers.RMSprop'>,<function mean_squared_error at 0x0000019886DA28C8>,52,1
10,0.014219617894475416,0.000592951893553881,105,10,<class 'keras.optimizers.RMSprop'>,<function mean_squared_error at 0x0000019886DA28C8>,81,12
154,0.011067442452750629,0.0063698607100759795,105,154,<class 'keras.optimizers.RMSprop'>,<function mean_absolute_error at 0x0000019886DA2840>,62,12
154,0.01283691290115976,0.005838277973819128,83,154,<class 'keras.optimizers.RMSprop'>,<function mean_absolute_error at 0x0000019886DA2840>,81,3
58,0.0029236045651451987,0.0001624231491246898,83,58,<class 'keras.optimizers.RMSprop'>,<function mean_squared_error at 0x0000019886DA28C8>,90,12
58,0.0007514923529197893,0.00014889014205304884,105,58,<class 'keras.optimizers.Adam'>,<function mean_squared_error at 0x0000019886DA28C8>,90,12
58,0.01698360825803577,0.009086633771201301,105,58,<class 'keras.optimizers.RMSprop'>,<function mean_absolute_error at 0x0000019886DA2840>,52,1
154,0.014242446813675085,0.004873911637325894,60,154,<class 'keras.optimizers.RMSprop'>,<function mean_absolute_error at 0x0000019886DA2840>,33,12
58,0.016755570627154825,0.008392518676059927,105,58,<class 'keras.optimizers.RMSprop'>,<function mean_absolute_error at 0x0000019886DA2840>,14,24
154,0.01458625234686765,0.004072632078609875,38,154,<class 'keras.optimizers.RMSprop'>,<function mean_absolute_error at 0x0000019886DA2840>,5,6
154,0.03476516283666072,0.004869715496360469,16,154,<class 'keras.optimizers.Adam'>,<function mean_absolute_error at 0x0000019886DA2840>,43,3
202,0.022801821234163334,0.0038538299220368675,38,202,<class 'keras.optimizers.RMSprop'>,<function mean_absolute_error at 0x0000019886DA2840>,81,3
154,0.01343548323121068,0.006215912636330198,83,154,<class 'keras.optimizers.RMSprop'>,<function mean_absolute_error at 0x0000019886DA2840>,90,6
106,0.0031981666129411233,3.758251388109997e-05,16,106,<class 'keras.optimizers.RMSprop'>,<function mean_squared_error at 0x0000019886DA28C8>,5,24
202,0.0006800786731185052,3.3691832659206294e-05,60,202,<class 'keras.optimizers.Adam'>,<function mean_squared_error at 0x0000019886DA28C8>,5,12
106,0.015200585310548246,0.007279505752403862,105,106,<class 'keras.optimizers.RMSprop'>,<function mean_absolute_error at 0x0000019886DA2840>,43,1
154,0.029598951796698265,0.0031797367012707163,16,154,<class 'keras.optimizers.RMSprop'>,<function mean_absolute_error at 0x0000019886DA2840>,5,24
58,0.024721095471718777,0.005957646265260383,38,58,<class 'keras.optimizers.RMSprop'>,<function mean_absolute_error at 0x0000019886DA2840>,33,6
58,0.0001585174102851828,8.304280470554648e-05,60,58,<class 'keras.optimizers.Adam'>,<function mean_squared_error at 0x0000019886DA28C8>,24,12
58,0.006538514483528822,0.005904764326390602,60,58,<class 'keras.optimizers.Adam'>,<function mean_absolute_error at 0x0000019886DA2840>,90,12
106,0.01437168400634344,0.00012149362933896232,16,106,<class 'keras.optimizers.RMSprop'>,<function mean_squared_error at 0x0000019886DA28C8>,52,6
154,0.00048030597064341297,3.7008753284857263e-05,60,154,<class 'keras.optimizers.Adam'>,<function mean_squared_error at 0x0000019886DA28C8>,5,12
10,0.028405501441601935,0.0021170299215919897,38,10,<class 'keras.optimizers.Adam'>,<function mean_squared_error at 0x0000019886DA28C8>,43,3
154,0.015740661116524543,0.0053673006648287565,60,154,<class 'keras.optimizers.RMSprop'>,<function mean_absolute_error at 0x0000019886DA2840>,24,1
10,0.10648333689244813,0.014192712790564383,38,10,<class 'keras.optimizers.RMSprop'>,<function mean_absolute_error at 0x0000019886DA2840>,71,1
58,0.0012172599761395492,4.3299344941213424e-05,60,58,<class 'keras.optimizers.RMSprop'>,<function mean_squared_error at 0x0000019886DA28C8>,5,1
10,0.04953610613605295,0.0013218496293835322,16,10,<class 'keras.optimizers.Adam'>,<function mean_squared_error at 0x0000019886DA28C8>,90,24
106,0.014982513378976896,0.005180978071593506,38,106,<class 'keras.optimizers.RMSprop'>,<function mean_absolute_error at 0x0000019886DA2840>,14,1
154,0.0029693959132893306,7.891110909666698e-05,16,154,<class 'keras.optimizers.Adam'>,<function mean_squared_error at 0x0000019886DA28C8>,14,3
202,0.0028015746080995085,3.924182176509769e-05,16,202,<class 'keras.optimizers.Adam'>,<function mean_squared_error at 0x0000019886DA28C8>,62,24
10,0.013510846186159007,0.0011759906804516352,60,10,<class 'keras.optimizers.Adam'>,<function mean_squared_error at 0x0000019886DA28C8>,52,3
106,0.02011543084640601,0.006702029164484628,83,106,<class 'keras.optimizers.RMSprop'>,<function mean_absolute_error at 0x0000019886DA2840>,90,1
202,0.006878198054255779,0.004547816925868111,38,202,<class 'keras.optimizers.Adam'>,<function mean_absolute_error at 0x0000019886DA2840>,43,12
154,0.008694522776328482,0.0044331592146230865,60,154,<class 'keras.optimizers.Adam'>,<function mean_absolute_error at 0x0000019886DA2840>,14,1
10,0.025223724265779655,0.01349695743598638,105,10,<class 'keras.optimizers.Adam'>,<function mean_absolute_error at 0x0000019886DA2840>,24,3
58,0.043199086677475726,0.006194783008987791,16,58,<class 'keras.optimizers.Adam'>,<function mean_absolute_error at 0x0000019886DA2840>,62,12
106,0.032179237981860793,0.005646902308020986,16,106,<class 'keras.optimizers.Adam'>,<function mean_absolute_error at 0x0000019886DA2840>,62,6
154,0.02096056086398163,0.004143294345126707,38,154,<class 'keras.optimizers.RMSprop'>,<function mean_absolute_error at 0x0000019886DA2840>,90,3
58,0.014432363641814928,0.00895083210828332,83,58,<class 'keras.optimizers.RMSprop'>,<function mean_absolute_error at 0x0000019886DA2840>,43,12
10,0.13356835426470107,0.02450743569625249,16,10,<class 'keras.optimizers.Adam'>,<function mean_absolute_error at 0x0000019886DA2840>,52,3
10,0.0022395250519223193,0.0004551922169495845,83,10,<class 'keras.optimizers.Adam'>,<function mean_squared_error at 0x0000019886DA28C8>,43,12
106,0.007810249286571816,0.004621822756415231,38,106,<class 'keras.optimizers.Adam'>,<function mean_absolute_error at 0x0000019886DA2840>,52,1
58,0.00459621615516424,0.00011323054845156074,38,58,<class 'keras.optimizers.RMSprop'>,<function mean_squared_error at 0x0000019886DA28C8>,43,12
154,0.0031693917778554638,3.1862612076493325e-05,16,154,<class 'keras.optimizers.RMSprop'>,<function mean_squared_error at 0x0000019886DA28C8>,14,12
154,0.01148268433499575,0.006371164718723607,105,154,<class 'keras.optimizers.RMSprop'>,<function mean_absolute_error at 0x0000019886DA2840>,90,12
106,0.003662580608312981,7.996964716934105e-05,38,106,<class 'keras.optimizers.RMSprop'>,<function mean_squared_error at 0x0000019886DA28C8>,90,3
10,0.006936805873343549,0.00036827797368773154,105,10,<class 'keras.optimizers.RMSprop'>,<function mean_squared_error at 0x0000019886DA28C8>,14,3
10,0.004658751775207859,0.0002533704035940982,105,10,<class 'keras.optimizers.RMSprop'>,<function mean_squared_error at 0x0000019886DA28C8>,5,1
154,0.03596748144560492,0.004659406644956164,16,154,<class 'keras.optimizers.Adam'>,<function mean_absolute_error at 0x0000019886DA2840>,43,24
154,8.764433922406946e-05,3.6012505976689976e-05,60,154,<class 'keras.optimizers.Adam'>,<function mean_squared_error at 0x0000019886DA28C8>,90,12
154,0.008351190713591064,0.0034475023437748604,83,154,<class 'keras.optimizers.Adam'>,<function mean_absolute_error at 0x0000019886DA2840>,5,1
106,0.00017518896216138442,7.371425297719179e-05,38,106,<class 'keras.optimizers.Adam'>,<function mean_squared_error at 0x0000019886DA28C8>,71,1
10,0.009270695220348395,0.0019274010599896756,83,10,<class 'keras.optimizers.Adam'>,<function mean_squared_error at 0x0000019886DA28C8>,5,3
202,0.022250064346991373,0.003784760219511572,38,202,<class 'keras.optimizers.RMSprop'>,<function mean_absolute_error at 0x0000019886DA2840>,33,3
58,0.021116459182159354,0.00796933564300667,60,58,<class 'keras.optimizers.RMSprop'>,<function mean_absolute_error at 0x0000019886DA2840>,90,1
58,0.029533903182087637,0.007455244145611046,83,58,<class 'keras.optimizers.RMSprop'>,<function mean_absolute_error at 0x0000019886DA2840>,14,3
202,0.018000278717628406,0.003950048408570435,38,202,<class 'keras.optimizers.RMSprop'>,<function mean_absolute_error at 0x0000019886DA2840>,43,12
202,0.009237212346338362,0.004853474527199047,38,202,<class 'keras.optimizers.Adam'>,<function mean_absolute_error at 0x0000019886DA2840>,33,3
10,0.11019355354027571,0.033719746899168006,38,10,<class 'keras.optimizers.Adam'>,<function mean_absolute_error at 0x0000019886DA2840>,43,3
58,0.017844332551143684,0.00936757930556656,105,58,<class 'keras.optimizers.RMSprop'>,<function mean_absolute_error at 0x0000019886DA2840>,62,6
10,0.05568096527247826,0.0005505711663562381,16,10,<class 'keras.optimizers.RMSprop'>,<function mean_squared_error at 0x0000019886DA28C8>,90,6
106,0.004653377329947167,0.004704352176011511,83,106,<class 'keras.optimizers.Adam'>,<function mean_absolute_error at 0x0000019886DA2840>,52,6
202,0.025185398850094576,0.004354387825872207,16,202,<class 'keras.optimizers.Adam'>,<function mean_absolute_error at 0x0000019886DA2840>,5,6
154,0.016264964748309862,0.005888818375212549,83,154,<class 'keras.optimizers.RMSprop'>,<function mean_absolute_error at 0x0000019886DA2840>,62,24
154,0.0010621177218783553,7.64280760509817e-05,105,154,<class 'keras.optimizers.RMSprop'>,<function mean_squared_error at 0x0000019886DA28C8>,90,3
106,8.505609394880992e-05,3.13304367822846e-05,83,106,<class 'keras.optimizers.Adam'>,<function mean_squared_error at 0x0000019886DA28C8>,43,1
154,0.003255869554819598,5.1857794499662866e-05,16,154,<class 'keras.optimizers.Adam'>,<function mean_squared_error at 0x0000019886DA28C8>,71,12
202,0.0005752168222416971,3.006218631144233e-05,60,202,<class 'keras.optimizers.RMSprop'>,<function mean_squared_error at 0x0000019886DA28C8>,24,12
10,0.01673242470365572,0.0007030173882062213,105,10,<class 'keras.optimizers.RMSprop'>,<function mean_squared_error at 0x0000019886DA28C8>,71,6
58,0.013914902338017732,0.006636254769980212,38,58,<class 'keras.optimizers.Adam'>,<function mean_absolute_error at 0x0000019886DA2840>,81,24
58,0.0034619135442155585,8.702690405040832e-05,38,58,<class 'keras.optimizers.RMSprop'>,<function mean_squared_error at 0x0000019886DA28C8>,33,6
202,0.004697650292138008,3.085574670517354e-05,16,202,<class 'keras.optimizers.RMSprop'>,<function mean_squared_error at 0x0000019886DA28C8>,33,1
58,0.00016087698987841777,4.925693611144539e-05,83,58,<class 'keras.optimizers.Adam'>,<function mean_squared_error at 0x0000019886DA28C8>,14,6
106,0.0042512586373524945,0.003772701601361891,105,106,<class 'keras.optimizers.Adam'>,<function mean_absolute_error at 0x0000019886DA2840>,43,24
58,0.007993607058553523,8.994224024096147e-05,16,58,<class 'keras.optimizers.RMSprop'>,<function mean_squared_error at 0x0000019886DA28C8>,5,1
10,0.040459520626602595,0.016960776255488683,105,10,<class 'keras.optimizers.Adam'>,<function mean_absolute_error at 0x0000019886DA2840>,52,3
10,0.018721996594274207,0.0006627023792301682,83,10,<class 'keras.optimizers.RMSprop'>,<function mean_squared_error at 0x0000019886DA28C8>,71,24
58,0.0026099633000543415,0.00011513878125328255,60,58,<class 'keras.optimizers.RMSprop'>,<function mean_squared_error at 0x0000019886DA28C8>,33,1
106,0.001151224265883174,5.3132678719855104e-05,60,106,<class 'keras.optimizers.RMSprop'>,<function mean_squared_error at 0x0000019886DA28C8>,14,3
106,0.025052058373541543,0.004951224316148663,38,106,<class 'keras.optimizers.RMSprop'>,<function mean_absolute_error at 0x0000019886DA2840>,62,1
10,0.052329149653898205,0.016025892332511664,105,10,<class 'keras.optimizers.RMSprop'>,<function mean_absolute_error at 0x0000019886DA2840>,33,24
10,0.07294261774524166,0.015250997556443317,60,10,<class 'keras.optimizers.RMSprop'>,<function mean_absolute_error at 0x0000019886DA2840>,43,6
10,0.06495456359857918,0.023903827396688462,60,10,<class 'keras.optimizers.Adam'>,<function mean_absolute_error at 0x0000019886DA2840>,43,12
10,0.0024028645625385693,0.00040239422306842304,83,10,<class 'keras.optimizers.Adam'>,<function mean_squared_error at 0x0000019886DA28C8>,43,6
154,0.04307110714204172,0.0030017305502767536,16,154,<class 'keras.optimizers.RMSprop'>,<function mean_absolute_error at 0x0000019886DA2840>,52,6
202,0.0011364103462297818,3.1069015607441165e-05,38,202,<class 'keras.optimizers.RMSprop'>,<function mean_squared_error at 0x0000019886DA28C8>,5,1
58,0.0024612135499473865,0.00018149198413148083,105,58,<class 'keras.optimizers.RMSprop'>,<function mean_squared_error at 0x0000019886DA28C8>,71,12
58,0.03323832933569477,0.0046024882830955705,16,58,<class 'keras.optimizers.RMSprop'>,<function mean_absolute_error at 0x0000019886DA2840>,33,12
10,0.09408256171090587,0.01286568014006456,38,10,<class 'keras.optimizers.RMSprop'>,<function mean_absolute_error at 0x0000019886DA2840>,52,12
10,0.012942698255627584,0.00036637358126757885,60,10,<class 'keras.optimizers.RMSprop'>,<function mean_squared_error at 0x0000019886DA28C8>,33,12
10,0.13040007103190598,0.04169029848487139,38,10,<class 'keras.optimizers.Adam'>,<function mean_absolute_error at 0x0000019886DA2840>,90,1
106,0.015476413122189375,0.006008387129307929,60,106,<class 'keras.optimizers.RMSprop'>,<function mean_absolute_error at 0x0000019886DA2840>,90,1
202,0.00039089820239359904,3.388794353563605e-05,60,202,<class 'keras.optimizers.RMSprop'>,<function mean_squared_error at 0x0000019886DA28C8>,33,24
58,0.00035712335405190356,8.247642578445198e-05,83,58,<class 'keras.optimizers.Adam'>,<function mean_squared_error at 0x0000019886DA28C8>,5,24
106,0.014914714134911447,0.006050710543602436,38,106,<class 'keras.optimizers.Adam'>,<function mean_absolute_error at 0x0000019886DA2840>,81,24
58,0.005718216634959341,0.005659255802589144,105,58,<class 'keras.optimizers.Adam'>,<function mean_absolute_error at 0x0000019886DA2840>,81,1
106,0.018131311771452774,0.004734105778681756,38,106,<class 'keras.optimizers.RMSprop'>,<function mean_absolute_error at 0x0000019886DA2840>,14,6
10,0.12219692212277893,0.023787718633968266,16,10,<class 'keras.optimizers.Adam'>,<function mean_absolute_error at 0x0000019886DA2840>,52,24
58,0.017219288284445942,0.008652611991062237,83,58,<class 'keras.optimizers.RMSprop'>,<function mean_absolute_error at 0x0000019886DA2840>,52,1
10,0.09123443561296146,0.008285515599567767,16,10,<class 'keras.optimizers.RMSprop'>,<function mean_absolute_error at 0x0000019886DA2840>,14,6
202,0.007847360300178562,0.003563498999202879,38,202,<class 'keras.optimizers.RMSprop'>,<function mean_absolute_error at 0x0000019886DA2840>,5,3
154,0.022492541881528074,0.004220772725414209,38,154,<class 'keras.optimizers.RMSprop'>,<function mean_absolute_error at 0x0000019886DA2840>,71,12
106,0.041250307393230275,0.005764202796288071,16,106,<class 'keras.optimizers.Adam'>,<function mean_absolute_error at 0x0000019886DA2840>,33,12
106,0.0010226262118015073,9.139939408532901e-05,105,106,<class 'keras.optimizers.RMSprop'>,<function mean_squared_error at 0x0000019886DA28C8>,43,12
58,0.0016040266608865475,0.00015401381625260036,105,58,<class 'keras.optimizers.RMSprop'>,<function mean_squared_error at 0x0000019886DA28C8>,62,1
58,0.01004659004590715,0.006894307803849023,38,58,<class 'keras.optimizers.Adam'>,<function mean_absolute_error at 0x0000019886DA2840>,52,12
10,0.008955044913532275,0.0002687954634244635,60,10,<class 'keras.optimizers.RMSprop'>,<function mean_squared_error at 0x0000019886DA28C8>,24,6
106,0.014047139388219186,0.005959121905728487,60,106,<class 'keras.optimizers.RMSprop'>,<function mean_absolute_error at 0x0000019886DA2840>,14,12
58,0.00015702513108260021,8.505006469027485e-05,60,58,<class 'keras.optimizers.Adam'>,<function mean_squared_error at 0x0000019886DA28C8>,43,6
202,0.00438208992638115,0.0028117431101921083,105,202,<class 'keras.optimizers.Adam'>,<function mean_absolute_error at 0x0000019886DA2840>,71,3
202,7.561438347922961e-05,2.862298668823163e-05,60,202,<class 'keras.optimizers.Adam'>,<function mean_squared_error at 0x0000019886DA28C8>,81,6
106,0.013421091274980586,0.004464805503352804,60,106,<class 'keras.optimizers.Adam'>,<function mean_absolute_error at 0x0000019886DA2840>,5,12
106,0.00584325982965751,0.004615302865236513,60,106,<class 'keras.optimizers.Adam'>,<function mean_absolute_error at 0x0000019886DA2840>,71,3
10,0.0659221459617799,0.016444556018213662,83,10,<class 'keras.optimizers.RMSprop'>,<function mean_absolute_error at 0x0000019886DA2840>,33,1
106,0.006694095416778476,0.00410683983818428,60,106,<class 'keras.optimizers.Adam'>,<function mean_absolute_error at 0x0000019886DA2840>,14,1
10,0.006362705128441757,0.000521636909131537,38,10,<class 'keras.optimizers.Adam'>,<function mean_squared_error at 0x0000019886DA28C8>,5,24
106,0.010409503205267385,0.0056526087320864695,83,106,<class 'keras.optimizers.RMSprop'>,<function mean_absolute_error at 0x0000019886DA2840>,14,6
106,0.01516560127526569,0.006038943942082523,60,106,<class 'keras.optimizers.RMSprop'>,<function mean_absolute_error at 0x0000019886DA2840>,62,3
10,0.04502613325131658,0.0004781643135750419,16,10,<class 'keras.optimizers.RMSprop'>,<function mean_squared_error at 0x0000019886DA28C8>,43,6
106,0.003342615541423762,0.000108958122894517,16,106,<class 'keras.optimizers.Adam'>,<function mean_squared_error at 0x0000019886DA28C8>,71,1
10,0.03776939058121138,0.017723145098665922,83,10,<class 'keras.optimizers.Adam'>,<function mean_absolute_error at 0x0000019886DA2840>,43,12
154,0.0002885669554740219,5.2857991955920574e-05,38,154,<class 'keras.optimizers.Adam'>,<function mean_squared_error at 0x0000019886DA28C8>,43,3
58,4.648693301279964e-05,3.22530741482249e-05,83,58,<class 'keras.optimizers.Adam'>,<function mean_squared_error at 0x0000019886DA28C8>,62,24
154,0.03873460966429252,0.004681196002468217,16,154,<class 'keras.optimizers.Adam'>,<function mean_absolute_error at 0x0000019886DA2840>,71,12
202,0.0023803744798549078,2.664788588095757e-05,16,202,<class 'keras.optimizers.RMSprop'>,<function mean_squared_error at 0x0000019886DA28C8>,62,1
106,0.0013591593183294797,9.951050020414148e-05,105,106,<class 'keras.optimizers.RMSprop'>,<function mean_squared_error at 0x0000019886DA28C8>,81,6
58,0.010465623891839535,0.00010247797535539011,16,58,<class 'keras.optimizers.RMSprop'>,<function mean_squared_error at 0x0000019886DA28C8>,24,24
106,0.0027976521458021133,9.450970686997572e-05,16,106,<class 'keras.optimizers.Adam'>,<function mean_squared_error at 0x0000019886DA28C8>,43,3
10,0.10601473488936375,0.014385022156996696,38,10,<class 'keras.optimizers.RMSprop'>,<function mean_absolute_error at 0x0000019886DA2840>,62,24
106,0.00013603697334669689,2.764541202313099e-05,83,106,<class 'keras.optimizers.Adam'>,<function mean_squared_error at 0x0000019886DA28C8>,52,12
10,0.021567507313932286,0.0008369365812755258,83,10,<class 'keras.optimizers.RMSprop'>,<function mean_squared_error at 0x0000019886DA28C8>,14,1
202,0.0003658628456337349,4.3739680978878365e-05,38,202,<class 'keras.optimizers.Adam'>,<function mean_squared_error at 0x0000019886DA28C8>,90,3
10,0.0021927441652487578,0.0003268204928154768,83,10,<class 'keras.optimizers.Adam'>,<function mean_squared_error at 0x0000019886DA28C8>,52,12
106,0.00017827750509123575,6.231017418115608e-05,38,106,<class 'keras.optimizers.Adam'>,<function mean_squared_error at 0x0000019886DA28C8>,5,24
10,0.13103112385478194,0.010419911336099512,16,10,<class 'keras.optimizers.RMSprop'>,<function mean_absolute_error at 0x0000019886DA2840>,71,1
10,0.016341115929273047,0.0004313236365478539,60,10,<class 'keras.optimizers.RMSprop'>,<function mean_squared_error at 0x0000019886DA28C8>,62,3
154,0.00024381757364565928,5.3005008719496504e-05,38,154,<class 'keras.optimizers.Adam'>,<function mean_squared_error at 0x0000019886DA28C8>,71,1
10,0.020766387921541965,0.0003720837021865277,38,10,<class 'keras.optimizers.RMSprop'>,<function mean_squared_error at 0x0000019886DA28C8>,43,3
154,0.010806464610657684,0.006273115932260117,105,154,<class 'keras.optimizers.RMSprop'>,<function mean_absolute_error at 0x0000019886DA2840>,43,24
154,0.023697309532535068,0.0042062811806902614,38,154,<class 'keras.optimizers.RMSprop'>,<function mean_absolute_error at 0x0000019886DA2840>,24,1
58,0.005922001186804211,0.004735792717331546,60,58,<class 'keras.optimizers.Adam'>,<function mean_absolute_error at 0x0000019886DA2840>,71,12
10,0.1263010041169965,0.0241673113979566,16,10,<class 'keras.optimizers.Adam'>,<function mean_absolute_error at 0x0000019886DA2840>,52,6
106,0.0014094382954379701,6.362256464301633e-05,60,106,<class 'keras.optimizers.RMSprop'>,<function mean_squared_error at 0x0000019886DA28C8>,14,24
202,4.558332219384919e-05,1.4863873441924798e-05,83,202,<class 'keras.optimizers.Adam'>,<function mean_squared_error at 0x0000019886DA28C8>,52,3
154,0.001052974105480762,4.630716403660824e-05,60,154,<class 'keras.optimizers.RMSprop'>,<function mean_squared_error at 0x0000019886DA28C8>,71,24
154,0.012682073211916826,0.005818606682039075,83,154,<class 'keras.optimizers.RMSprop'>,<function mean_absolute_error at 0x0000019886DA2840>,71,1
10,0.11830359845083356,0.010051112741696492,16,10,<class 'keras.optimizers.RMSprop'>,<function mean_absolute_error at 0x0000019886DA2840>,71,12
202,0.040764418851610695,0.002829006260657209,16,202,<class 'keras.optimizers.RMSprop'>,<function mean_absolute_error at 0x0000019886DA2840>,62,1
106,0.003404638698682346,0.003507925298715952,105,106,<class 'keras.optimizers.Adam'>,<function mean_absolute_error at 0x0000019886DA2840>,71,6
154,0.0008490737441431291,6.727615413355906e-05,83,154,<class 'keras.optimizers.Adam'>,<function mean_squared_error at 0x0000019886DA28C8>,5,24
106,0.03164383021876238,0.003294384061617122,16,106,<class 'keras.optimizers.RMSprop'>,<function mean_absolute_error at 0x0000019886DA2840>,14,1
202,0.00013586775228296454,2.8626539356763008e-05,60,202,<class 'keras.optimizers.Adam'>,<function mean_squared_error at 0x0000019886DA28C8>,5,24
10,0.011100732301439261,0.0005000155894145918,105,10,<class 'keras.optimizers.RMSprop'>,<function mean_squared_error at 0x0000019886DA28C8>,62,1
106,0.0035529456780825264,0.00010438947840530908,16,106,<class 'keras.optimizers.Adam'>,<function mean_squared_error at 0x0000019886DA28C8>,81,24
202,0.013833459046032308,0.004322694476900989,38,202,<class 'keras.optimizers.Adam'>,<function mean_absolute_error at 0x0000019886DA2840>,62,1
154,0.0047078502930842595,0.0033882848815213495,60,154,<class 'keras.optimizers.Adam'>,<function mean_absolute_error at 0x0000019886DA2840>,24,6
58,0.016653528215424145,0.007790454365558643,60,58,<class 'keras.optimizers.RMSprop'>,<function mean_absolute_error at 0x0000019886DA2840>,90,12
10,0.01699056660207994,0.0006905369641046856,16,10,<class 'keras.optimizers.Adam'>,<function mean_squared_error at 0x0000019886DA28C8>,5,24
10,0.0711333158275034,0.014094098971350418,60,10,<class 'keras.optimizers.RMSprop'>,<function mean_absolute_error at 0x0000019886DA2840>,43,24
58,0.03608926376425165,0.00439923500404649,16,58,<class 'keras.optimizers.RMSprop'>,<function mean_absolute_error at 0x0000019886DA2840>,43,6
202,0.001105104149700826,3.261348962042302e-05,38,202,<class 'keras.optimizers.RMSprop'>,<function mean_squared_error at 0x0000019886DA28C8>,24,12
202,0.011672474484493352,0.0050950896359065285,105,202,<class 'keras.optimizers.RMSprop'>,<function mean_absolute_error at 0x0000019886DA2840>,14,24
154,6.360281554464098e-05,3.779267669035758e-05,60,154,<class 'keras.optimizers.Adam'>,<function mean_squared_error at 0x0000019886DA28C8>,52,6
106,0.0051417844187099,0.003984694157814138,83,106,<class 'keras.optimizers.Adam'>,<function mean_absolute_error at 0x0000019886DA2840>,62,24
10,0.11223505027844069,0.03697385592566322,38,10,<class 'keras.optimizers.Adam'>,<function mean_absolute_error at 0x0000019886DA2840>,43,1
202,3.2126431580548457e-05,1.4093418792764956e-05,105,202,<class 'keras.optimizers.Adam'>,<function mean_squared_error at 0x0000019886DA28C8>,52,12
202,0.0011353242778454921,3.2942981981434336e-05,38,202,<class 'keras.optimizers.RMSprop'>,<function mean_squared_error at 0x0000019886DA28C8>,52,24
10,0.13749618842717448,0.026103466852364584,16,10,<class 'keras.optimizers.Adam'>,<function mean_absolute_error at 0x0000019886DA2840>,71,12
58,0.018186749979050787,0.009970284147918314,105,58,<class 'keras.optimizers.RMSprop'>,<function mean_absolute_error at 0x0000019886DA2840>,71,24
202,0.040558967576274155,0.0027733737263832864,16,202,<class 'keras.optimizers.RMSprop'>,<function mean_absolute_error at 0x0000019886DA2840>,81,1
106,7.070783734078776e-05,1.8631146823723452e-05,105,106,<class 'keras.optimizers.Adam'>,<function mean_squared_error at 0x0000019886DA28C8>,90,1
58,0.009963060826707077,0.006093964538414818,38,58,<class 'keras.optimizers.Adam'>,<function mean_absolute_error at 0x0000019886DA2840>,33,12
58,0.0065280594816440355,0.006299703308710384,60,58,<class 'keras.optimizers.Adam'>,<function mean_absolute_error at 0x0000019886DA2840>,71,24
202,0.012118160622337214,0.005231220543633596,83,202,<class 'keras.optimizers.RMSprop'>,<function mean_absolute_error at 0x0000019886DA2840>,43,12
106,0.012691831389820631,0.007200542310562459,105,106,<class 'keras.optimizers.RMSprop'>,<function mean_absolute_error at 0x0000019886DA2840>,81,6
106,0.00025954098776759965,7.432868694377824e-05,38,106,<class 'keras.optimizers.Adam'>,<function mean_squared_error at 0x0000019886DA28C8>,52,1
106,0.01509892058119513,0.006258759831896088,60,106,<class 'keras.optimizers.RMSprop'>,<function mean_absolute_error at 0x0000019886DA2840>,90,24
154,0.004768994697065148,0.003338112468322266,83,154,<class 'keras.optimizers.Adam'>,<function mean_absolute_error at 0x0000019886DA2840>,52,24
202,0.001068945953049422,4.7555698227356664e-05,83,202,<class 'keras.optimizers.RMSprop'>,<function mean_squared_error at 0x0000019886DA28C8>,81,24
106,0.0007955906974872737,8.295296986319238e-05,83,106,<class 'keras.optimizers.RMSprop'>,<function mean_squared_error at 0x0000019886DA28C8>,52,6
202,0.00042592120625399186,4.009007443685156e-05,83,202,<class 'keras.optimizers.RMSprop'>,<function mean_squared_error at 0x0000019886DA28C8>,33,12
202,0.0036524614991736365,0.0030082314250186475,83,202,<class 'keras.optimizers.Adam'>,<function mean_absolute_error at 0x0000019886DA2840>,52,24
106,0.040506817812068656,0.005439335393512543,16,106,<class 'keras.optimizers.Adam'>,<function mean_absolute_error at 0x0000019886DA2840>,62,24
202,0.0007665430691613377,5.44160282392827e-05,38,202,<class 'keras.optimizers.Adam'>,<function mean_squared_error at 0x0000019886DA28C8>,5,6
202,0.001285365407977808,3.909599248478238e-05,38,202,<class 'keras.optimizers.RMSprop'>,<function mean_squared_error at 0x0000019886DA28C8>,90,3
10,0.03586106886572271,0.0026978472016560276,38,10,<class 'keras.optimizers.Adam'>,<function mean_squared_error at 0x0000019886DA28C8>,90,3
58,0.0057628389553740595,0.006026757060945288,83,58,<class 'keras.optimizers.Adam'>,<function mean_absolute_error at 0x0000019886DA2840>,62,24
154,0.00758393537033487,0.005150302924158825,38,154,<class 'keras.optimizers.Adam'>,<function mean_absolute_error at 0x0000019886DA2840>,81,6
58,0.00018470822831890638,8.191423049685843e-05,60,58,<class 'keras.optimizers.Adam'>,<function mean_squared_error at 0x0000019886DA28C8>,62,12
154,0.00141615810693539,3.63031116792327e-05,38,154,<class 'keras.optimizers.RMSprop'>,<function mean_squared_error at 0x0000019886DA28C8>,5,24
58,0.0033905463725206328,0.00012512491655006854,60,58,<class 'keras.optimizers.RMSprop'>,<function mean_squared_error at 0x0000019886DA28C8>,43,6
106,0.0030803222195469513,6.30617985201445e-05,38,106,<class 'keras.optimizers.RMSprop'>,<function mean_squared_error at 0x0000019886DA28C8>,62,12
10,0.11023251060700845,0.034997932821449036,38,10,<class 'keras.optimizers.Adam'>,<function mean_absolute_error at 0x0000019886DA2840>,52,12
106,0.03986205171624422,0.005696259726945588,16,106,<class 'keras.optimizers.Adam'>,<function mean_absolute_error at 0x0000019886DA2840>,90,3
10,0.008858511380266169,0.0009917005470007898,38,10,<class 'keras.optimizers.Adam'>,<function mean_squared_error at 0x0000019886DA28C8>,5,1
106,0.01883595490208946,0.0049807921704183074,60,106,<class 'keras.optimizers.RMSprop'>,<function mean_absolute_error at 0x0000019886DA2840>,5,24
202,0.013183715549793465,0.005178710061547949,60,202,<class 'keras.optimizers.RMSprop'>,<function mean_absolute_error at 0x0000019886DA2840>,90,12
202,0.03342002731441902,0.004916147366858115,16,202,<class 'keras.optimizers.Adam'>,<function mean_absolute_error at 0x0000019886DA2840>,14,6
10,0.05921395796316426,0.017589619417467367,83,10,<class 'keras.optimizers.RMSprop'>,<function mean_absolute_error at 0x0000019886DA2840>,62,12
58,0.019794412617055224,0.00992921531175658,105,58,<class 'keras.optimizers.RMSprop'>,<function mean_absolute_error at 0x0000019886DA2840>,90,1
10,0.0180178872361697,0.0004787644216996591,60,10,<class 'keras.optimizers.RMSprop'>,<function mean_squared_error at 0x0000019886DA28C8>,71,1
106,0.008220677173350963,6.544928046142381e-05,16,106,<class 'keras.optimizers.RMSprop'>,<function mean_squared_error at 0x0000019886DA28C8>,71,6
106,0.0006781360719019402,5.4097205192891806e-05,105,106,<class 'keras.optimizers.Adam'>,<function mean_squared_error at 0x0000019886DA28C8>,81,3
154,0.012779918109106,0.005479102220760791,60,154,<class 'keras.optimizers.RMSprop'>,<function mean_absolute_error at 0x0000019886DA2840>,43,6
10,0.09883953794966642,0.028415022550486262,38,10,<class 'keras.optimizers.Adam'>,<function mean_absolute_error at 0x0000019886DA2840>,24,24
106,0.04090994693105369,0.005898083073696278,16,106,<class 'keras.optimizers.Adam'>,<function mean_absolute_error at 0x0000019886DA2840>,43,3
58,0.016695476290152767,0.007944411925826072,83,58,<class 'keras.optimizers.RMSprop'>,<function mean_absolute_error at 0x0000019886DA2840>,24,1
58,0.004379422564471885,0.004261588661359308,105,58,<class 'keras.optimizers.Adam'>,<function mean_absolute_error at 0x0000019886DA2840>,33,12
58,0.002287042321153167,0.0001223780821952189,83,58,<class 'keras.optimizers.RMSprop'>,<function mean_squared_error at 0x0000019886DA28C8>,43,6
10,0.010103009031130209,0.00033077905152662857,60,10,<class 'keras.optimizers.RMSprop'>,<function mean_squared_error at 0x0000019886DA28C8>,33,3
58,0.003132585538643211,8.336004064109356e-05,38,58,<class 'keras.optimizers.RMSprop'>,<function mean_squared_error at 0x0000019886DA28C8>,33,24
106,0.010332797902237002,0.007127212568988803,105,106,<class 'keras.optimizers.RMSprop'>,<function mean_absolute_error at 0x0000019886DA2840>,43,3
202,0.013355123799423966,0.006131447977738491,105,202,<class 'keras.optimizers.RMSprop'>,<function mean_absolute_error at 0x0000019886DA2840>,81,12
106,0.008414533289960214,0.004833739827011104,38,106,<class 'keras.optimizers.Adam'>,<function mean_absolute_error at 0x0000019886DA2840>,81,6
10,0.04362752443246198,0.0008858623806314275,16,10,<class 'keras.optimizers.Adam'>,<function mean_squared_error at 0x0000019886DA28C8>,33,24
58,0.002895916126745185,0.00018461102464648892,16,58,<class 'keras.optimizers.Adam'>,<function mean_squared_error at 0x0000019886DA28C8>,71,3
58,0.0010890513667619526,0.00015504438150274968,83,58,<class 'keras.optimizers.Adam'>,<function mean_squared_error at 0x0000019886DA28C8>,90,6
10,0.06572610142792439,0.01897651171082455,105,10,<class 'keras.optimizers.RMSprop'>,<function mean_absolute_error at 0x0000019886DA2840>,62,12
202,0.0025333282469970305,4.010113159196626e-05,38,202,<class 'keras.optimizers.RMSprop'>,<function mean_squared_error at 0x0000019886DA28C8>,71,6
58,0.00044067721214798846,0.0001234246218158329,105,58,<class 'keras.optimizers.Adam'>,<function mean_squared_error at 0x0000019886DA28C8>,81,3
58,0.02218494904584866,0.006325707547518834,38,58,<class 'keras.optimizers.RMSprop'>,<function mean_absolute_error at 0x0000019886DA2840>,71,6
202,0.0026364854594706152,4.4454848955701865e-05,16,202,<class 'keras.optimizers.Adam'>,<function mean_squared_error at 0x0000019886DA28C8>,24,6
10,0.09109530734400384,0.029793551407537994,60,10,<class 'keras.optimizers.Adam'>,<function mean_absolute_error at 0x0000019886DA2840>,62,1
106,5.524937714244831e-05,3.2032358169164176e-05,83,106,<class 'keras.optimizers.Adam'>,<function mean_squared_error at 0x0000019886DA28C8>,62,24
202,0.002577889748019258,4.337618141667687e-05,16,202,<class 'keras.optimizers.Adam'>,<function mean_squared_error at 0x0000019886DA28C8>,14,6
154,0.0006766021464742596,6.214264670655323e-05,105,154,<class 'keras.optimizers.RMSprop'>,<function mean_squared_error at 0x0000019886DA28C8>,52,1
58,0.002181434491867498,0.0001329214996264652,83,58,<class 'keras.optimizers.RMSprop'>,<function mean_squared_error at 0x0000019886DA28C8>,71,24
202,0.002886968251344644,4.746724058657127e-05,16,202,<class 'keras.optimizers.Adam'>,<function mean_squared_error at 0x0000019886DA28C8>,43,24
58,0.008297490394181034,0.006501562955819391,38,58,<class 'keras.optimizers.Adam'>,<function mean_absolute_error at 0x0000019886DA2840>,43,3
154,0.0003727383437757052,6.151583845726337e-05,38,154,<class 'keras.optimizers.Adam'>,<function mean_squared_error at 0x0000019886DA28C8>,14,1
202,0.0012682545400228215,7.730822625653003e-05,16,202,<class 'keras.optimizers.Adam'>,<function mean_squared_error at 0x0000019886DA28C8>,5,12
106,0.03644258571541677,0.003727134657800382,16,106,<class 'keras.optimizers.RMSprop'>,<function mean_absolute_error at 0x0000019886DA2840>,71,3
202,0.0007657710320769179,4.121912587004931e-05,60,202,<class 'keras.optimizers.RMSprop'>,<function mean_squared_error at 0x0000019886DA28C8>,14,12
202,0.0007738890729093835,3.069235766919327e-05,38,202,<class 'keras.optimizers.RMSprop'>,<function mean_squared_error at 0x0000019886DA28C8>,71,24
154,0.0349138344191041,0.0032089107922514855,16,154,<class 'keras.optimizers.RMSprop'>,<function mean_absolute_error at 0x0000019886DA2840>,71,24
106,8.505394451836447e-05,5.16963495876837e-05,60,106,<class 'keras.optimizers.Adam'>,<function mean_squared_error at 0x0000019886DA28C8>,52,12
154,0.0037019446684527,0.0034423907340358152,83,154,<class 'keras.optimizers.Adam'>,<function mean_absolute_error at 0x0000019886DA2840>,62,1
106,0.002393611475215923,5.6279077173099956e-05,38,106,<class 'keras.optimizers.RMSprop'>,<function mean_squared_error at 0x0000019886DA28C8>,14,3
154,0.001100066520696175,4.759863866805478e-05,60,154,<class 'keras.optimizers.RMSprop'>,<function mean_squared_error at 0x0000019886DA28C8>,43,3
58,0.005321951202960129,0.005254290719295161,60,58,<class 'keras.optimizers.Adam'>,<function mean_absolute_error at 0x0000019886DA2840>,43,6
10,0.12638452624572527,0.010199423953571981,16,10,<class 'keras.optimizers.RMSprop'>,<function mean_absolute_error at 0x0000019886DA2840>,33,3
202,0.02605890181398147,0.004298551390649767,38,202,<class 'keras.optimizers.RMSprop'>,<function mean_absolute_error at 0x0000019886DA2840>,52,24
154,0.00042323175710042395,5.49867903229827e-05,38,154,<class 'keras.optimizers.Adam'>,<function mean_squared_error at 0x0000019886DA28C8>,81,12
10,0.06694716446757853,0.01641857959370374,83,10,<class 'keras.optimizers.RMSprop'>,<function mean_absolute_error at 0x0000019886DA2840>,33,3
154,0.00012171018590455982,4.117579007420394e-05,60,154,<class 'keras.optimizers.Adam'>,<function mean_squared_error at 0x0000019886DA28C8>,90,3
58,0.0034017500828646442,0.0002139631808124123,16,58,<class 'keras.optimizers.Adam'>,<function mean_squared_error at 0x0000019886DA28C8>,24,24
154,3.319942080058316e-05,1.94412008983719e-05,105,154,<class 'keras.optimizers.Adam'>,<function mean_squared_error at 0x0000019886DA28C8>,90,3
58,0.023314198440258713,0.005477041317264605,38,58,<class 'keras.optimizers.RMSprop'>,<function mean_absolute_error at 0x0000019886DA2840>,14,6
58,0.002454443097522814,9.771103986196728e-05,60,58,<class 'keras.optimizers.RMSprop'>,<function mean_squared_error at 0x0000019886DA28C8>,14,12
106,0.014028303226115403,0.004598148302892048,38,106,<class 'keras.optimizers.Adam'>,<function mean_absolute_error at 0x0000019886DA2840>,71,24
202,0.00012046170969199324,4.8201078183655996e-05,38,202,<class 'keras.optimizers.Adam'>,<function mean_squared_error at 0x0000019886DA28C8>,14,6
10,0.03362004627871,0.020043099408581327,105,10,<class 'keras.optimizers.Adam'>,<function mean_absolute_error at 0x0000019886DA2840>,5,1
58,0.00909499677274847,0.006347805971304107,38,58,<class 'keras.optimizers.Adam'>,<function mean_absolute_error at 0x0000019886DA2840>,71,24
202,0.021296750525629675,0.004025101044796843,38,202,<class 'keras.optimizers.RMSprop'>,<function mean_absolute_error at 0x0000019886DA2840>,33,24
202,0.00011263301103723649,3.4311618488217656e-05,105,202,<class 'keras.optimizers.Adam'>,<function mean_squared_error at 0x0000019886DA28C8>,14,12
10,0.1298659617783343,0.01006798081720613,16,10,<class 'keras.optimizers.RMSprop'>,<function mean_absolute_error at 0x0000019886DA2840>,52,24
58,0.0033013400437853393,0.00016042428564798418,83,58,<class 'keras.optimizers.RMSprop'>,<function mean_squared_error at 0x0000019886DA28C8>,71,12
202,0.0036617356233332146,0.003009378998624124,83,202,<class 'keras.optimizers.Adam'>,<function mean_absolute_error at 0x0000019886DA2840>,5,3
58,0.019373856376741546,0.00793004007672024,83,58,<class 'keras.optimizers.RMSprop'>,<function mean_absolute_error at 0x0000019886DA2840>,24,3
202,0.01410683082770503,0.0038737345601104188,38,202,<class 'keras.optimizers.RMSprop'>,<function mean_absolute_error at 0x0000019886DA2840>,62,3
58,0.0006773098264754425,0.0001147205160994221,83,58,<class 'keras.optimizers.Adam'>,<function mean_squared_error at 0x0000019886DA28C8>,71,24
58,5.8307075997590514e-05,2.9049798094032823e-05,83,58,<class 'keras.optimizers.Adam'>,<function mean_squared_error at 0x0000019886DA28C8>,24,6
58,0.006020683096415864,0.005267223801404428,83,58,<class 'keras.optimizers.Adam'>,<function mean_absolute_error at 0x0000019886DA2840>,43,1
10,0.07787737918942823,0.015017562410377846,60,10,<class 'keras.optimizers.RMSprop'>,<function mean_absolute_error at 0x0000019886DA2840>,33,6
202,0.004947864371848358,0.0032229317561546615,83,202,<class 'keras.optimizers.Adam'>,<function mean_absolute_error at 0x0000019886DA2840>,33,3
202,0.009815534889818421,0.004599917403378422,38,202,<class 'keras.optimizers.Adam'>,<function mean_absolute_error at 0x0000019886DA2840>,52,6
106,0.0451190707727475,0.005807965074144222,16,106,<class 'keras.optimizers.Adam'>,<function mean_absolute_error at 0x0000019886DA2840>,71,6
58,0.004083516257807512,0.00010474801703461399,38,58,<class 'keras.optimizers.RMSprop'>,<function mean_squared_error at 0x0000019886DA28C8>,62,24
106,0.0006308564350095699,4.495114159971433e-05,105,106,<class 'keras.optimizers.Adam'>,<function mean_squared_error at 0x0000019886DA28C8>,90,6
106,0.005131291031556867,0.0041000885275871,60,106,<class 'keras.optimizers.Adam'>,<function mean_absolute_error at 0x0000019886DA2840>,71,6
10,0.019212532768886372,0.002747378833642198,60,10,<class 'keras.optimizers.Adam'>,<function mean_squared_error at 0x0000019886DA28C8>,5,6
202,0.01730149227096091,0.006318340689188685,105,202,<class 'keras.optimizers.RMSprop'>,<function mean_absolute_error at 0x0000019886DA2840>,90,24
154,0.010182077938312788,0.005444507851844681,83,154,<class 'keras.optimizers.RMSprop'>,<function mean_absolute_error at 0x0000019886DA2840>,24,24
202,0.000266344741699513,5.086837051595434e-05,38,202,<class 'keras.optimizers.Adam'>,<function mean_squared_error at 0x0000019886DA28C8>,33,1
154,0.000981208579474809,8.368258165510768e-05,105,154,<class 'keras.optimizers.RMSprop'>,<function mean_squared_error at 0x0000019886DA28C8>,90,12
106,0.00018971651344873805,7.17196727046968e-05,38,106,<class 'keras.optimizers.Adam'>,<function mean_squared_error at 0x0000019886DA28C8>,33,1
106,0.0006688832817543359,8.317718369155793e-05,105,106,<class 'keras.optimizers.RMSprop'>,<function mean_squared_error at 0x0000019886DA28C8>,24,6
202,0.046656136451195825,0.004574858764107964,16,202,<class 'keras.optimizers.Adam'>,<function mean_absolute_error at 0x0000019886DA2840>,14,12
202,0.0013113671375158506,3.3584334989506656e-05,38,202,<class 'keras.optimizers.RMSprop'>,<function mean_squared_error at 0x0000019886DA28C8>,90,12
154,0.0005449158253107601,5.63121406866459e-05,83,154,<class 'keras.optimizers.RMSprop'>,<function mean_squared_error at 0x0000019886DA28C8>,71,6
58,0.027729317374852878,0.006504483975831032,38,58,<class 'keras.optimizers.RMSprop'>,<function mean_absolute_error at 0x0000019886DA2840>,81,1
154,0.01710969760353619,0.005360975346933217,83,154,<class 'keras.optimizers.RMSprop'>,<function mean_absolute_error at 0x0000019886DA2840>,14,3
106,5.067258905511778e-05,3.286940942219725e-05,83,106,<class 'keras.optimizers.Adam'>,<function mean_squared_error at 0x0000019886DA28C8>,81,12
154,0.027759557323080143,0.005258518609121982,60,154,<class 'keras.optimizers.RMSprop'>,<function mean_absolute_error at 0x0000019886DA2840>,14,1
106,0.002973933614245274,0.00011104904604840985,16,106,<class 'keras.optimizers.Adam'>,<function mean_squared_error at 0x0000019886DA28C8>,71,3
154,0.034215900142827126,0.004929230672329953,16,154,<class 'keras.optimizers.Adam'>,<function mean_absolute_error at 0x0000019886DA2840>,14,24
10,0.057646510742785234,0.01644682781941587,105,10,<class 'keras.optimizers.RMSprop'>,<function mean_absolute_error at 0x0000019886DA2840>,33,12
10,0.015762934548929405,0.0006205815030225824,105,10,<class 'keras.optimizers.RMSprop'>,<function mean_squared_error at 0x0000019886DA28C8>,33,1
202,0.001511682209199753,5.139005850582537e-05,83,202,<class 'keras.optimizers.RMSprop'>,<function mean_squared_error at 0x0000019886DA28C8>,71,3
106,0.0003945124846186286,8.114101209841298e-05,105,106,<class 'keras.optimizers.RMSprop'>,<function mean_squared_error at 0x0000019886DA28C8>,43,6
10,0.03088317939096056,0.0164823560691241,83,10,<class 'keras.optimizers.Adam'>,<function mean_absolute_error at 0x0000019886DA2840>,14,6
106,0.00032320322558970673,4.320148338145338e-05,105,106,<class 'keras.optimizers.Adam'>,<function mean_squared_error at 0x0000019886DA28C8>,81,12
58,0.0002732114083784484,0.00012362158116743032,38,58,<class 'keras.optimizers.Adam'>,<function mean_squared_error at 0x0000019886DA28C8>,81,12
106,0.025068929431463556,0.004894836905394212,38,106,<class 'keras.optimizers.RMSprop'>,<function mean_absolute_error at 0x0000019886DA2840>,81,3
10,0.07222898230062723,0.017738803960514686,83,10,<class 'keras.optimizers.RMSprop'>,<function mean_absolute_error at 0x0000019886DA2840>,43,24
202,0.04070849921825314,0.00403259909179539,16,202,<class 'keras.optimizers.Adam'>,<function mean_absolute_error at 0x0000019886DA2840>,81,24
106,0.0002821215970956823,7.406919742763536e-05,38,106,<class 'keras.optimizers.Adam'>,<function mean_squared_error at 0x0000019886DA28C8>,90,3
202,0.003872360221055087,0.0027782140537888763,83,202,<class 'keras.optimizers.Adam'>,<function mean_absolute_error at 0x0000019886DA2840>,14,3
202,8.834570907401077e-05,2.2902304419553935e-05,83,202,<class 'keras.optimizers.Adam'>,<function mean_squared_error at 0x0000019886DA28C8>,14,3
154,0.005931326135731075,0.0031561084890018086,83,154,<class 'keras.optimizers.Adam'>,<function mean_absolute_error at 0x0000019886DA2840>,81,24
10,0.07128299717998916,0.025841460362165787,60,10,<class 'keras.optimizers.Adam'>,<function mean_absolute_error at 0x0000019886DA2840>,43,1
106,0.00997466136614364,0.004539548359558233,38,106,<class 'keras.optimizers.Adam'>,<function mean_absolute_error at 0x0000019886DA2840>,71,6
106,7.263389328889428e-05,5.3852013861487565e-05,60,106,<class 'keras.optimizers.Adam'>,<function mean_squared_error at 0x0000019886DA28C8>,71,24
106,0.037995602055502606,0.006417501696016163,16,106,<class 'keras.optimizers.Adam'>,<function mean_absolute_error at 0x0000019886DA2840>,43,6
58,0.019419840704527923,0.007500687035796055,60,58,<class 'keras.optimizers.RMSprop'>,<function mean_absolute_error at 0x0000019886DA2840>,71,6
58,0.011985940043971162,0.005720100770130766,60,58,<class 'keras.optimizers.RMSprop'>,<function mean_absolute_error at 0x0000019886DA2840>,5,6
202,7.758479814609564e-05,3.0223629348550116e-05,60,202,<class 'keras.optimizers.Adam'>,<function mean_squared_error at 0x0000019886DA28C8>,71,12
154,0.0156073455071475,0.003921833530492519,38,154,<class 'keras.optimizers.Adam'>,<function mean_absolute_error at 0x0000019886DA2840>,71,6
58,0.0025090426193612285,0.00013903442863932825,83,58,<class 'keras.optimizers.RMSprop'>,<function mean_squared_error at 0x0000019886DA28C8>,62,1
58,0.007192279277345654,0.0058115918885069,60,58,<class 'keras.optimizers.Adam'>,<function mean_absolute_error at 0x0000019886DA2840>,90,3
154,3.518750963099264e-05,1.5591161028202247e-05,105,154,<class 'keras.optimizers.Adam'>,<function mean_squared_error at 0x0000019886DA28C8>,24,1
106,0.007113928223284814,0.005091956713172561,38,106,<class 'keras.optimizers.Adam'>,<function mean_absolute_error at 0x0000019886DA2840>,90,3
10,0.01770654795069197,0.0004998796836128743,60,10,<class 'keras.optimizers.RMSprop'>,<function mean_squared_error at 0x0000019886DA28C8>,90,3
106,0.003626046861377125,0.003734238155613896,105,106,<class 'keras.optimizers.Adam'>,<function mean_absolute_error at 0x0000019886DA2840>,43,3
154,0.00100557638001796,4.586521392042456e-05,60,154,<class 'keras.optimizers.RMSprop'>,<function mean_squared_error at 0x0000019886DA28C8>,43,12
106,0.00023837655419530092,7.027470054413377e-05,38,106,<class 'keras.optimizers.Adam'>,<function mean_squared_error at 0x0000019886DA28C8>,81,1
58,0.004953195680955479,0.003979067981171567,83,58,<class 'keras.optimizers.Adam'>,<function mean_absolute_error at 0x0000019886DA2840>,24,3
202,8.357518844578728e-05,3.881127742874465e-05,60,202,<class 'keras.optimizers.Adam'>,<function mean_squared_error at 0x0000019886DA28C8>,24,12
106,0.02371812793662881,0.005103296944817822,38,106,<class 'keras.optimizers.RMSprop'>,<function mean_absolute_error at 0x0000019886DA2840>,62,6
154,0.00039597689752596667,5.3247100616634674e-05,38,154,<class 'keras.optimizers.Adam'>,<function mean_squared_error at 0x0000019886DA28C8>,62,12
202,0.01404302441701108,0.005260962083579952,83,202,<class 'keras.optimizers.RMSprop'>,<function mean_absolute_error at 0x0000019886DA2840>,81,6
202,0.03823018273133227,0.00422980006440247,16,202,<class 'keras.optimizers.Adam'>,<function mean_absolute_error at 0x0000019886DA2840>,52,1
202,0.0008711484663178088,3.659713415359906e-05,83,202,<class 'keras.optimizers.RMSprop'>,<function mean_squared_error at 0x0000019886DA28C8>,5,6
58,0.00022752672272692996,5.7533715402471786e-05,60,58,<class 'keras.optimizers.Adam'>,<function mean_squared_error at 0x0000019886DA28C8>,5,12
106,0.02862038379216938,0.004870716327233228,38,106,<class 'keras.optimizers.RMSprop'>,<function mean_absolute_error at 0x0000019886DA2840>,81,1
10,0.00029814940996818277,0.0001742241477295018,83,10,<class 'keras.optimizers.Adam'>,<function mean_squared_error at 0x0000019886DA28C8>,24,12
202,0.009500737722228566,0.005739303371459583,105,202,<class 'keras.optimizers.RMSprop'>,<function mean_absolute_error at 0x0000019886DA2840>,62,24
58,0.00010268373103090805,2.9023737236882904e-05,83,58,<class 'keras.optimizers.Adam'>,<function mean_squared_error at 0x0000019886DA28C8>,24,3
10,0.12697968902041282,0.02479988131410565,83,10,<class 'keras.optimizers.RMSprop'>,<function mean_absolute_error at 0x0000019886DA2840>,5,24
106,0.0005367905361046607,5.9681151570602586e-05,105,106,<class 'keras.optimizers.Adam'>,<function mean_squared_error at 0x0000019886DA28C8>,14,6
10,0.09247977949209685,0.01367586056469424,38,10,<class 'keras.optimizers.RMSprop'>,<function mean_absolute_error at 0x0000019886DA2840>,71,24
10,0.031078126104634358,0.002595974594433714,83,10,<class 'keras.optimizers.RMSprop'>,<function mean_squared_error at 0x0000019886DA28C8>,5,3
58,0.0026150819587199016,0.00010975861454454113,60,58,<class 'keras.optimizers.RMSprop'>,<function mean_squared_error at 0x0000019886DA28C8>,43,3
154,0.0035247082624134444,0.002830654475689249,105,154,<class 'keras.optimizers.Adam'>,<function mean_absolute_error at 0x0000019886DA2840>,43,12
154,0.004461327693669544,0.003203115901942098,105,154,<class 'keras.optimizers.Adam'>,<function mean_absolute_error at 0x0000019886DA2840>,33,24
202,0.014759509246049365,0.005416744150203568,83,202,<class 'keras.optimizers.RMSprop'>,<function mean_absolute_error at 0x0000019886DA2840>,71,3
58,0.048393403542432954,0.004708855810468125,16,58,<class 'keras.optimizers.RMSprop'>,<function mean_absolute_error at 0x0000019886DA2840>,62,1
202,0.023362423278788173,0.0033879147586447903,16,202,<class 'keras.optimizers.Adam'>,<function mean_absolute_error at 0x0000019886DA2840>,5,1
154,6.26063630717978e-05,4.038362735840408e-05,60,154,<class 'keras.optimizers.Adam'>,<function mean_squared_error at 0x0000019886DA28C8>,62,1
10,0.059911040113658685,0.02240137515449276,83,10,<class 'keras.optimizers.Adam'>,<function mean_absolute_error at 0x0000019886DA2840>,90,3
10,0.03270782763883706,0.002413993064995011,38,10,<class 'keras.optimizers.Adam'>,<function mean_squared_error at 0x0000019886DA28C8>,62,3
202,0.00025758838496891834,4.640622601777826e-05,38,202,<class 'keras.optimizers.Adam'>,<function mean_squared_error at 0x0000019886DA28C8>,33,6
202,0.013430131020162658,0.004733882023257191,60,202,<class 'keras.optimizers.RMSprop'>,<function mean_absolute_error at 0x0000019886DA2840>,43,3
154,0.004304027701345143,0.002835889786843111,83,154,<class 'keras.optimizers.Adam'>,<function mean_absolute_error at 0x0000019886DA2840>,14,24
202,0.004775584292991,0.003170848605437731,83,202,<class 'keras.optimizers.Adam'>,<function mean_absolute_error at 0x0000019886DA2840>,90,3
154,3.579539743744161e-05,2.7249524246012167e-05,83,154,<class 'keras.optimizers.Adam'>,<function mean_squared_error at 0x0000019886DA28C8>,52,6
154,7.914075335554652e-05,3.79779457148944e-05,60,154,<class 'keras.optimizers.Adam'>,<function mean_squared_error at 0x0000019886DA28C8>,14,1
10,0.006617877879316524,0.00033313752438538267,105,10,<class 'keras.optimizers.RMSprop'>,<function mean_squared_error at 0x0000019886DA28C8>,24,6
106,0.012433096719545364,0.007327417063536019,105,106,<class 'keras.optimizers.RMSprop'>,<function mean_absolute_error at 0x0000019886DA2840>,62,24
106,0.00016837474262361188,2.329817466707952e-05,83,106,<class 'keras.optimizers.Adam'>,<function mean_squared_error at 0x0000019886DA28C8>,71,6
58,0.008514165659641318,0.007265330907990592,38,58,<class 'keras.optimizers.Adam'>,<function mean_absolute_error at 0x0000019886DA2840>,24,24
10,0.001088407518378969,0.00039869886555201614,60,10,<class 'keras.optimizers.Adam'>,<function mean_squared_error at 0x0000019886DA28C8>,5,24
154,0.008902910839084873,0.006096391021609478,83,154,<class 'keras.optimizers.RMSprop'>,<function mean_absolute_error at 0x0000019886DA2840>,33,6
154,0.03259091002141169,0.004822704007697139,16,154,<class 'keras.optimizers.Adam'>,<function mean_absolute_error at 0x0000019886DA2840>,43,6
58,0.01562936891047966,0.004860201433942192,60,58,<class 'keras.optimizers.Adam'>,<function mean_absolute_error at 0x0000019886DA2840>,5,12
106,0.0008030961594102768,5.816552930304136e-05,60,106,<class 'keras.optimizers.RMSprop'>,<function mean_squared_error at 0x0000019886DA28C8>,52,3
154,0.036947740622579626,0.004991870378907716,16,154,<class 'keras.optimizers.Adam'>,<function mean_absolute_error at 0x0000019886DA2840>,14,1
58,0.00019444559764633911,7.534392496928517e-05,60,58,<class 'keras.optimizers.Adam'>,<function mean_squared_error at 0x0000019886DA28C8>,5,6
202,0.010854746021542192,0.005608987419994192,105,202,<class 'keras.optimizers.RMSprop'>,<function mean_absolute_error at 0x0000019886DA2840>,62,1
58,0.008405567772255767,0.005961304278817188,38,58,<class 'keras.optimizers.Adam'>,<function mean_absolute_error at 0x0000019886DA2840>,52,24
10,0.03280850341768824,0.002476498051160867,38,10,<class 'keras.optimizers.Adam'>,<function mean_squared_error at 0x0000019886DA28C8>,71,12
106,0.00011776775258067393,2.013422651499329e-05,83,106,<class 'keras.optimizers.Adam'>,<function mean_squared_error at 0x0000019886DA28C8>,62,12
106,0.000112241450067397,2.7328687441215667e-05,83,106,<class 'keras.optimizers.Adam'>,<function mean_squared_error at 0x0000019886DA28C8>,5,6
10,0.04544865015200588,0.017832396512580364,83,10,<class 'keras.optimizers.Adam'>,<function mean_absolute_error at 0x0000019886DA2840>,43,24
106,0.002013330795383829,7.178297287771511e-05,60,106,<class 'keras.optimizers.RMSprop'>,<function mean_squared_error at 0x0000019886DA28C8>,71,1
106,0.003095545259528662,4.1722460312328224e-05,16,106,<class 'keras.optimizers.RMSprop'>,<function mean_squared_error at 0x0000019886DA28C8>,5,12
10,0.007639039685088707,0.0004924351402744932,38,10,<class 'keras.optimizers.Adam'>,<function mean_squared_error at 0x0000019886DA28C8>,5,3
10,0.055620764616822575,0.0005373468946966702,16,10,<class 'keras.optimizers.RMSprop'>,<function mean_squared_error at 0x0000019886DA28C8>,62,1
154,0.0032792759525465515,8.495466234651536e-05,16,154,<class 'keras.optimizers.Adam'>,<function mean_squared_error at 0x0000019886DA28C8>,33,3
154,7.217537922518906e-05,2.1675220163861122e-05,83,154,<class 'keras.optimizers.Adam'>,<function mean_squared_error at 0x0000019886DA28C8>,43,3
10,0.10165854832483989,0.02036699864452086,16,10,<class 'keras.optimizers.Adam'>,<function mean_absolute_error at 0x0000019886DA2840>,14,6
154,0.006005573753504768,4.925737430973699e-05,16,154,<class 'keras.optimizers.RMSprop'>,<function mean_squared_error at 0x0000019886DA28C8>,81,3
202,0.02402098902296971,0.004144550485153458,38,202,<class 'keras.optimizers.RMSprop'>,<function mean_absolute_error at 0x0000019886DA2840>,71,12
10,0.057929871023672516,0.013068368949485711,60,10,<class 'keras.optimizers.RMSprop'>,<function mean_absolute_error at 0x0000019886DA2840>,24,24
106,0.005657795284864975,7.36878314387975e-05,16,106,<class 'keras.optimizers.RMSprop'>,<function mean_squared_error at 0x0000019886DA28C8>,24,3
106,0.00033548368112269554,7.410618681165879e-05,38,106,<class 'keras.optimizers.Adam'>,<function mean_squared_error at 0x0000019886DA28C8>,71,24
154,0.001446986588098062,4.1175588227585034e-05,38,154,<class 'keras.optimizers.RMSprop'>,<function mean_squared_error at 0x0000019886DA28C8>,90,6
106,0.006457656973394892,0.005005117169589796,60,106,<class 'keras.optimizers.Adam'>,<function mean_absolute_error at 0x0000019886DA2840>,62,12
154,0.005209970470733283,0.0035372189368473275,83,154,<class 'keras.optimizers.Adam'>,<function mean_absolute_error at 0x0000019886DA2840>,62,12
106,0.0008943303831352108,8.709991220643864e-05,83,106,<class 'keras.optimizers.RMSprop'>,<function mean_squared_error at 0x0000019886DA28C8>,81,6
202,0.00966417415502893,0.005072424045612718,83,202,<class 'keras.optimizers.RMSprop'>,<function mean_absolute_error at 0x0000019886DA2840>,33,24
10,0.059570328633195724,0.0006156636992039516,16,10,<class 'keras.optimizers.RMSprop'>,<function mean_squared_error at 0x0000019886DA28C8>,90,3
202,0.03769812311365697,0.00431427906017662,16,202,<class 'keras.optimizers.Adam'>,<function mean_absolute_error at 0x0000019886DA2840>,90,1
106,0.00717352688284059,0.004694950461169289,60,106,<class 'keras.optimizers.Adam'>,<function mean_absolute_error at 0x0000019886DA2840>,14,6
154,0.002977320116468397,4.8035065448802516e-05,16,154,<class 'keras.optimizers.Adam'>,<function mean_squared_error at 0x0000019886DA28C8>,81,12
106,0.0035907494659788227,6.208187962780872e-05,38,106,<class 'keras.optimizers.RMSprop'>,<function mean_squared_error at 0x0000019886DA28C8>,71,6
154,0.0038384093170042975,0.003985483558125354,105,154,<class 'keras.optimizers.Adam'>,<function mean_absolute_error at 0x0000019886DA2840>,90,24
106,0.04040206489555807,0.003963216555942719,16,106,<class 'keras.optimizers.RMSprop'>,<function mean_absolute_error at 0x0000019886DA2840>,71,12
202,0.0004901664905789879,5.07846426160156e-05,105,202,<class 'keras.optimizers.RMSprop'>,<function mean_squared_error at 0x0000019886DA28C8>,14,24
202,0.01631648312316528,0.005935655825444834,105,202,<class 'keras.optimizers.RMSprop'>,<function mean_absolute_error at 0x0000019886DA2840>,81,6
58,0.04283795869958589,0.006848117515137512,16,58,<class 'keras.optimizers.Adam'>,<function mean_absolute_error at 0x0000019886DA2840>,81,12
154,0.0001227585264941653,3.8950360266454206e-05,60,154,<class 'keras.optimizers.Adam'>,<function mean_squared_error at 0x0000019886DA28C8>,52,3
10,0.048839512085713986,0.021467605550999098,83,10,<class 'keras.optimizers.Adam'>,<function mean_absolute_error at 0x0000019886DA2840>,90,6
202,0.00038952562641426935,4.9010459631970464e-05,105,202,<class 'keras.optimizers.RMSprop'>,<function mean_squared_error at 0x0000019886DA28C8>,52,24
106,0.00034016705526488956,6.852651322788725e-05,38,106,<class 'keras.optimizers.Adam'>,<function mean_squared_error at 0x0000019886DA28C8>,71,6
202,0.00997979246633952,0.004572469294487549,60,202,<class 'keras.optimizers.RMSprop'>,<function mean_absolute_error at 0x0000019886DA2840>,14,6
10,0.05188688263311257,0.0005120322434559487,16,10,<class 'keras.optimizers.RMSprop'>,<function mean_squared_error at 0x0000019886DA28C8>,90,1
106,0.00038544824335598775,8.402349463842931e-05,38,106,<class 'keras.optimizers.Adam'>,<function mean_squared_error at 0x0000019886DA28C8>,24,1
58,0.004117396094210817,0.005334116437854854,105,58,<class 'keras.optimizers.Adam'>,<function mean_absolute_error at 0x0000019886DA2840>,52,12
106,0.004296592250670034,0.004212697383340028,105,106,<class 'keras.optimizers.Adam'>,<function mean_absolute_error at 0x0000019886DA2840>,33,3
202,0.02421148963909032,0.005154743017437562,83,202,<class 'keras.optimizers.RMSprop'>,<function mean_absolute_error at 0x0000019886DA2840>,5,12
202,0.001255852546266258,3.814369854343267e-05,60,202,<class 'keras.optimizers.RMSprop'>,<function mean_squared_error at 0x0000019886DA28C8>,81,1
106,0.004446680269462293,0.004154603158089351,105,106,<class 'keras.optimizers.Adam'>,<function mean_absolute_error at 0x0000019886DA2840>,52,1
106,7.752850467052486e-05,5.1771976474959196e-05,60,106,<class 'keras.optimizers.Adam'>,<function mean_squared_error at 0x0000019886DA28C8>,62,12
154,0.0012046033439319576,4.071625788237588e-05,38,154,<class 'keras.optimizers.RMSprop'>,<function mean_squared_error at 0x0000019886DA28C8>,5,1
58,0.0026846613375046285,7.617148241843484e-05,38,58,<class 'keras.optimizers.RMSprop'>,<function mean_squared_error at 0x0000019886DA28C8>,24,24
10,0.0332524824582296,0.017480357248229782,105,10,<class 'keras.optimizers.Adam'>,<function mean_absolute_error at 0x0000019886DA2840>,43,24
58,0.00033693827298851743,0.0001262733422919472,38,58,<class 'keras.optimizers.Adam'>,<function mean_squared_error at 0x0000019886DA28C8>,52,6
106,0.03899598146522057,0.005346801460707104,83,106,<class 'keras.optimizers.RMSprop'>,<function mean_absolute_error at 0x0000019886DA2840>,5,3
202,0.003471516827177783,0.0025218630857272288,105,202,<class 'keras.optimizers.Adam'>,<function mean_absolute_error at 0x0000019886DA2840>,81,3
10,0.004384233640347134,0.0001027819606782392,60,10,<class 'keras.optimizers.RMSprop'>,<function mean_squared_error at 0x0000019886DA28C8>,5,24
10,0.06177642595447661,0.023666167639611886,60,10,<class 'keras.optimizers.Adam'>,<function mean_absolute_error at 0x0000019886DA2840>,24,1
10,0.0857713738802145,0.0171634010079562,60,10,<class 'keras.optimizers.RMSprop'>,<function mean_absolute_error at 0x0000019886DA2840>,90,24
202,7.311354923671708e-05,1.5090284574997139e-05,83,202,<class 'keras.optimizers.Adam'>,<function mean_squared_error at 0x0000019886DA28C8>,43,6
106,0.0005722057537399105,5.569571250543622e-05,105,106,<class 'keras.optimizers.RMSprop'>,<function mean_squared_error at 0x0000019886DA28C8>,5,12
10,0.015037309950550568,0.0015254520813677856,60,10,<class 'keras.optimizers.Adam'>,<function mean_squared_error at 0x0000019886DA28C8>,71,1
10,0.0008149002290503631,0.0003062411041181013,83,10,<class 'keras.optimizers.Adam'>,<function mean_squared_error at 0x0000019886DA28C8>,14,1
106,0.001492711757002126,6.62252628147192e-05,60,106,<class 'keras.optimizers.RMSprop'>,<function mean_squared_error at 0x0000019886DA28C8>,52,1
202,0.003931822294581175,0.0027478223116226114,105,202,<class 'keras.optimizers.Adam'>,<function mean_absolute_error at 0x0000019886DA2840>,43,1
202,0.018643169579267625,0.0037634487925759606,38,202,<class 'keras.optimizers.RMSprop'>,<function mean_absolute_error at 0x0000019886DA2840>,24,12
58,0.02280908790329273,0.0076732586952809705,60,58,<class 'keras.optimizers.RMSprop'>,<function mean_absolute_error at 0x0000019886DA2840>,62,12
10,0.062252103457600884,0.019899883992961546,105,10,<class 'keras.optimizers.RMSprop'>,<function mean_absolute_error at 0x0000019886DA2840>,81,12
10,0.0769736596023172,0.015563579168998405,83,10,<class 'keras.optimizers.RMSprop'>,<function mean_absolute_error at 0x0000019886DA2840>,24,6
202,0.003540295486439967,0.0030107238885833756,105,202,<class 'keras.optimizers.Adam'>,<function mean_absolute_error at 0x0000019886DA2840>,90,1
106,0.014256598057829336,0.006729657076857651,83,106,<class 'keras.optimizers.RMSprop'>,<function mean_absolute_error at 0x0000019886DA2840>,71,12
106,0.0052052128678119385,0.004085044815592641,83,106,<class 'keras.optimizers.Adam'>,<function mean_absolute_error at 0x0000019886DA2840>,90,6
154,0.011338021684481146,0.004853745381021469,38,154,<class 'keras.optimizers.Adam'>,<function mean_absolute_error at 0x0000019886DA2840>,90,1
58,0.010984016928734857,0.00011751298899428243,16,58,<class 'keras.optimizers.RMSprop'>,<function mean_squared_error at 0x0000019886DA28C8>,52,12
202,0.0029140929010238086,4.878352212603741e-05,16,202,<class 'keras.optimizers.Adam'>,<function mean_squared_error at 0x0000019886DA28C8>,62,3
202,0.0005153136902150325,3.592273892075538e-05,60,202,<class 'keras.optimizers.RMSprop'>,<function mean_squared_error at 0x0000019886DA28C8>,52,1
10,0.04414908312739297,0.0011554016869426524,16,10,<class 'keras.optimizers.Adam'>,<function mean_squared_error at 0x0000019886DA28C8>,33,3
106,0.0003718929337299967,5.764907568383152e-05,60,106,<class 'keras.optimizers.Adam'>,<function mean_squared_error at 0x0000019886DA28C8>,5,6
106,0.016722138177290475,0.005829488679760515,60,106,<class 'keras.optimizers.RMSprop'>,<function mean_absolute_error at 0x0000019886DA2840>,52,24
202,0.039536078017922936,0.0030056011269927892,16,202,<class 'keras.optimizers.RMSprop'>,<function mean_absolute_error at 0x0000019886DA2840>,24,24
154,0.011948175209701001,0.005982535545058782,105,154,<class 'keras.optimizers.RMSprop'>,<function mean_absolute_error at 0x0000019886DA2840>,33,3
106,9.339074179771285e-05,4.215552000297228e-05,60,106,<class 'keras.optimizers.Adam'>,<function mean_squared_error at 0x0000019886DA28C8>,90,1
154,3.8727404653228924e-05,2.226795399133239e-05,105,154,<class 'keras.optimizers.Adam'>,<function mean_squared_error at 0x0000019886DA28C8>,33,24
154,0.0008571494543717778,5.963630183361668e-05,83,154,<class 'keras.optimizers.RMSprop'>,<function mean_squared_error at 0x0000019886DA28C8>,43,3
202,0.021646129213963406,0.004428096906295567,38,202,<class 'keras.optimizers.RMSprop'>,<function mean_absolute_error at 0x0000019886DA2840>,43,24
202,0.017521856175165267,0.00623317990866436,105,202,<class 'keras.optimizers.RMSprop'>,<function mean_absolute_error at 0x0000019886DA2840>,90,12
58,0.014492903530411383,0.00017011996557895822,16,58,<class 'keras.optimizers.RMSprop'>,<function mean_squared_error at 0x0000019886DA28C8>,62,12
58,0.011776977868577952,0.006035543025624828,38,58,<class 'keras.optimizers.Adam'>,<function mean_absolute_error at 0x0000019886DA2840>,52,3
202,0.010605566705419378,0.0050158833530356715,38,202,<class 'keras.optimizers.Adam'>,<function mean_absolute_error at 0x0000019886DA2840>,90,6
202,0.007594604528951851,0.0042973064678072815,38,202,<class 'keras.optimizers.Adam'>,<function mean_absolute_error at 0x0000019886DA2840>,33,1
10,0.0004850647908082205,0.0001748602744343252,105,10,<class 'keras.optimizers.Adam'>,<function mean_squared_error at 0x0000019886DA28C8>,62,24
10,0.054329500165593646,0.0005535308288206398,16,10,<class 'keras.optimizers.RMSprop'>,<function mean_squared_error at 0x0000019886DA28C8>,62,6
202,0.014374868431072782,0.005641321296491677,105,202,<class 'keras.optimizers.RMSprop'>,<function mean_absolute_error at 0x0000019886DA2840>,52,3
202,0.0026555303520369045,3.498597941638791e-05,16,202,<class 'keras.optimizers.Adam'>,<function mean_squared_error at 0x0000019886DA28C8>,43,12
58,0.016238580581645606,0.008274374748399803,105,58,<class 'keras.optimizers.RMSprop'>,<function mean_absolute_error at 0x0000019886DA2840>,14,1
154,0.00011450330443894413,1.4936629210856865e-05,105,154,<class 'keras.optimizers.Adam'>,<function mean_squared_error at 0x0000019886DA28C8>,62,6
10,0.0280328432265995,0.01590386021747605,105,10,<class 'keras.optimizers.Adam'>,<function mean_absolute_error at 0x0000019886DA2840>,24,1
154,0.03462991377909749,0.004455022429348997,16,154,<class 'keras.optimizers.Adam'>,<function mean_absolute_error at 0x0000019886DA2840>,5,6
154,0.0008270454319380167,5.5044184643151704e-05,83,154,<class 'keras.optimizers.RMSprop'>,<function mean_squared_error at 0x0000019886DA28C8>,71,12
202,0.036701899066988584,0.0029157210617698293,16,202,<class 'keras.optimizers.RMSprop'>,<function mean_absolute_error at 0x0000019886DA2840>,24,12
202,0.006979666361394554,0.004614060707496155,38,202,<class 'keras.optimizers.Adam'>,<function mean_absolute_error at 0x0000019886DA2840>,90,24
58,0.01658559957424,0.0073214016338065116,60,58,<class 'keras.optimizers.RMSprop'>,<function mean_absolute_error at 0x0000019886DA2840>,43,12
202,6.613128295178817e-05,3.651650330221645e-05,38,202,<class 'keras.optimizers.Adam'>,<function mean_squared_error at 0x0000019886DA28C8>,5,24
58,0.026082121894374873,0.006402349095110322,38,58,<class 'keras.optimizers.RMSprop'>,<function mean_absolute_error at 0x0000019886DA2840>,62,1
202,5.852368930731827e-05,2.0866180594351613e-05,83,202,<class 'keras.optimizers.Adam'>,<function mean_squared_error at 0x0000019886DA28C8>,52,12
58,0.017620954329583417,0.008689748009544581,83,58,<class 'keras.optimizers.RMSprop'>,<function mean_absolute_error at 0x0000019886DA2840>,62,12
202,0.006183872139860296,0.00329541706762706,60,202,<class 'keras.optimizers.Adam'>,<function mean_absolute_error at 0x0000019886DA2840>,14,24
106,0.011053646732099702,9.463435301047998e-05,16,106,<class 'keras.optimizers.RMSprop'>,<function mean_squared_error at 0x0000019886DA28C8>,71,12
58,0.0003352632509564537,0.00012811466230745847,38,58,<class 'keras.optimizers.Adam'>,<function mean_squared_error at 0x0000019886DA28C8>,5,1
202,0.0007890938432365942,5.734945368359518e-05,105,202,<class 'keras.optimizers.RMSprop'>,<function mean_squared_error at 0x0000019886DA28C8>,71,6
154,0.00025227601652698763,5.891905080425381e-05,38,154,<class 'keras.optimizers.Adam'>,<function mean_squared_error at 0x0000019886DA28C8>,24,24
202,0.017788141707667755,0.00376342456344324,38,202,<class 'keras.optimizers.RMSprop'>,<function mean_absolute_error at 0x0000019886DA2840>,43,6
154,0.0008801667628800181,5.9708463225501365e-05,83,154,<class 'keras.optimizers.RMSprop'>,<function mean_squared_error at 0x0000019886DA28C8>,71,24
10,0.03924146957080034,0.012071170786241791,105,10,<class 'keras.optimizers.RMSprop'>,<function mean_absolute_error at 0x0000019886DA2840>,5,24
106,0.0027360615680890534,5.846157864299262e-05,38,106,<class 'keras.optimizers.RMSprop'>,<function mean_squared_error at 0x0000019886DA28C8>,71,24
10,0.00046744999132789167,0.00020481860301840328,83,10,<class 'keras.optimizers.Adam'>,<function mean_squared_error at 0x0000019886DA28C8>,14,3
106,0.0077534873802068026,0.005065659539254868,60,106,<class 'keras.optimizers.Adam'>,<function mean_absolute_error at 0x0000019886DA2840>,90,6
10,0.0180457806346955,0.00034088815057364813,38,10,<class 'keras.optimizers.RMSprop'>,<function mean_squared_error at 0x0000019886DA28C8>,14,3
202,0.0077266235486346865,0.0046446409006942425,38,202,<class 'keras.optimizers.Adam'>,<function mean_absolute_error at 0x0000019886DA2840>,62,6
58,0.01916248722893122,0.009688526158001186,105,58,<class 'keras.optimizers.RMSprop'>,<function mean_absolute_error at 0x0000019886DA2840>,90,6
58,0.0007222215105627117,0.0001342649595651663,83,58,<class 'keras.optimizers.Adam'>,<function mean_squared_error at 0x0000019886DA28C8>,62,12
154,0.0009959367853836915,7.123166574021415e-05,105,154,<class 'keras.optimizers.RMSprop'>,<function mean_squared_error at 0x0000019886DA28C8>,71,12
202,0.036549459630721946,0.004203396692617248,16,202,<class 'keras.optimizers.Adam'>,<function mean_absolute_error at 0x0000019886DA2840>,62,24
58,0.0017916027343717015,0.00010784309178147876,83,58,<class 'keras.optimizers.RMSprop'>,<function mean_squared_error at 0x0000019886DA28C8>,24,24
202,6.061211741834897e-05,3.104643303871344e-05,60,202,<class 'keras.optimizers.Adam'>,<function mean_squared_error at 0x0000019886DA28C8>,43,6
10,0.011481804783274503,0.0002987048392590795,60,10,<class 'keras.optimizers.RMSprop'>,<function mean_squared_error at 0x0000019886DA28C8>,14,3
106,0.00026003879798328685,5.960601816431525e-05,105,106,<class 'keras.optimizers.Adam'>,<function mean_squared_error at 0x0000019886DA28C8>,14,12
58,0.006514141218213179,0.005506982642336628,60,58,<class 'keras.optimizers.Adam'>,<function mean_absolute_error at 0x0000019886DA2840>,81,12
202,0.015859433653962474,0.005160336047111652,105,202,<class 'keras.optimizers.RMSprop'>,<function mean_absolute_error at 0x0000019886DA2840>,5,24
